User_ID,Name,Email,Signup_Date
528df3bf-4eac-492b-a033-a4095a5595ad,William Parker,andrea81@example.net,2020-08-11
d23b1330-6e89-4b4f-ba3e-64f0a3891fa5,Clayton Hernandez,terri90@example.net,2021-02-06
087eee97-7af2-4d0a-a4d6-042b4551a767,Gregory Church,tiffany66@example.net,2022-12-31
85ad16e9-2b50-40d8-aa69-19ebdeb076e4,Laura Andrade,odixon@example.com,2022-12-22
f5ebbf4e-e476-4899-8250-2e1d1402bbd9,David King,barry77@example.org,2021-09-09
5fa61352-782c-476b-8927-4c9e9f6411f1,Frank Hobbs,daniel70@example.com,2021-04-14
88ab6c4b-ac65-4ce2-8613-2c0374e8e45c,Sierra King,michael55@example.net,2020-11-15
c1ec1d52-4c2e-4115-b845-263d7b651b5e,Jennifer Clark,dsanchez@example.net,2023-10-28
13d4b7fe-8447-4a9e-b131-b92af7a19a3c,Crystal Montes,nhall@example.org,2022-03-09
58838810-6842-4262-876d-b5bfad554db3,Colleen Garrett,andrewherring@example.net,2023-11-29
52d0e1b5-27ee-4eb3-bde6-8182a471ec5d,Kelly Nelson,nelsonashley@example.net,2023-11-11
771000e3-d261-4194-b1c1-8a941b0c70c5,James Nguyen,jonesdavid@example.com,2022-09-30
6d89dd9b-6721-4e85-960b-676b1cc471c7,Joshua Baird,ljones@example.com,2024-04-09
658fb1eb-d5f5-4d95-bb78-3b93b268f565,Sandra Alexander,xdavis@example.org,2021-10-28
f12be5f9-c55b-4e65-9253-835c7226f10e,Nancy Ingram,williamsonalexa@example.org,2020-07-21
d00355d0-ae64-419e-9654-98a231e79f22,Victor Soto,edward10@example.org,2023-08-14
9fc2416e-df4f-4e83-ae28-6eb6e1130928,Cheryl Walls,thompsonjessica@example.net,2023-04-08
812f3f6c-07e6-47c8-b15e-754a861fcbc4,Emma Gonzalez,colinbrown@example.net,2023-06-28
83b54a9c-c10d-4354-b1d6-b54f207c3751,Dr. Allen Bradley DDS,meghananderson@example.net,2022-01-16
d9e346de-d217-4e69-9b13-bd992063994d,Angela Butler,thompsonhannah@example.net,2024-01-15
67e3f5b2-793b-4c52-b62b-eefe6acb24a2,Danielle Hernandez,tbright@example.net,2020-11-03
11079ce9-d6d1-4c1f-a7e2-677d3faeb608,Brent Martin,smithnorma@example.com,2020-08-22
d548fee1-840b-4ff8-9673-69273c301730,Leslie Lee,scotteric@example.com,2021-06-22
b76ac0be-f836-4f7b-bdc8-99e89560e2cb,Dr. Cody Lee,thoward@example.com,2021-06-30
ce8542b7-afa6-46a8-8ba8-8b6178b996d1,Vanessa Quinn,lindahudson@example.net,2021-08-13
80d39f01-a26e-416d-bbd2-6d82e793b592,Brandi Smith,angela22@example.org,2020-11-11
d6b70054-7d30-4d62-b5bb-f57c24823bf6,Mary Wilson,higginsrobert@example.org,2020-06-28
b3e38c97-fb33-4ef4-aab5-bd2741615dc0,Robert Bradford,lewisdeborah@example.com,2022-10-17
dad4fe4a-5931-456a-9c62-33ddafeb0522,Patrick Watkins,melissa02@example.com,2021-01-03
1a64663b-e5cd-421c-9913-bfd58dde9ac6,Sarah Santana,yleach@example.com,2020-03-24
36661ee8-1ede-4149-9845-cbc7e723f2d2,Heather Lucero,caroline12@example.org,2023-10-22
c9ab6698-6062-4089-a9a9-2d6e9f97ce21,Anthony Sherman,hpowell@example.org,2020-06-26
8691fdd1-4570-423b-8cf0-0ddce9a66995,Jenna Young,rsmith@example.org,2020-05-10
c80f7aa3-66d4-4edd-9dc8-951fa3005134,Melanie May,taylordecker@example.net,2023-08-07
2927e5af-1e2b-4434-8cc5-2657835814bb,James Thompson,jakeschneider@example.org,2023-07-06
16420d0c-2e7e-4a4d-8e9c-304113aa06c0,Steven Burns,lisa24@example.org,2023-05-29
7168add0-e400-473d-aac0-978428f8124b,Sabrina Lee,waltonbethany@example.org,2023-11-07
9be5d404-15ed-4e42-b333-b884ae055560,Shane Wells,xrodriguez@example.net,2023-12-30
b5c506bb-b844-41b7-81a0-40fee3800a1d,Kenneth Coleman Jr.,tina11@example.org,2021-09-17
38fe297b-47c7-4dd0-aeb6-4c276a2884ae,James Brown,timothy85@example.org,2021-05-06
d080222a-9cb2-404c-bc79-2a10784689b2,Jasmin Stark,julie74@example.org,2023-08-26
1acbf754-80e7-47f8-b71f-705b661870e0,Christopher Hall,sean87@example.org,2024-03-01
4a6be2b3-ab8e-4ebd-a00b-c9d814827735,Pamela Cox,deannaclark@example.net,2022-05-04
79df26ac-d86b-4287-bb4d-08fb3168542d,Cory Mendez,huntkenneth@example.net,2020-06-04
560f6ba6-5006-4f2e-81a5-e859f9b611a7,Patricia Marquez,lindapowell@example.org,2020-04-11
c3167941-3184-4e90-89db-3fcbb9cd4c9c,Karl Lewis,bradshawtiffany@example.org,2021-05-21
8a3cf6f7-9aa7-44ce-9134-5324e5ae1c12,Jose Massey,saraward@example.net,2020-09-11
7bcd5dc1-ce4b-43cd-b06d-3f2309fa4b92,Jeremy Ayala,pbeck@example.org,2024-03-02
04d73616-2909-4663-83da-65b95b6b8278,Juan Garza,pmiller@example.net,2022-11-29
dfa01824-146e-4d67-b9c4-d7d3db254ab9,Julia Byrd,xhunt@example.org,2020-08-21
f2433fa9-4bd4-4274-acf5-27f7c2a97a62,Stacy Gross,reginamorgan@example.net,2023-04-24
32df5bcb-da67-4a7c-b6e0-57504c104c12,Melissa Lozano,monteskatherine@example.net,2023-08-16
861891e1-2e39-45f8-bb82-be3502f57848,Paige Franco,jeremiahmacdonald@example.net,2021-07-27
17372cee-b534-454c-a37d-9ea2648f3b17,Jennifer Brown,wlawson@example.org,2022-10-15
6ee23c24-f2d3-4b11-b3dc-a93a7cb7cef5,Nathan Knight,erikgrimes@example.org,2021-02-02
208b8ca6-f1b4-4c24-99fa-052cb5972cd8,Ronald Schmidt,kevin08@example.net,2022-08-31
1de32790-4a2d-4bbd-8eca-3e79b74ab31a,Daniel Cordova,oowens@example.com,2021-07-31
95e705af-1b0e-4e0a-a6a6-95206a9f9cd4,Erica Carter,andreamurray@example.net,2020-03-25
9338ed22-4a08-4962-a9e9-7bafc3c6a205,Paul Fox,yeseniawolfe@example.net,2020-03-29
caa80d81-0f81-4066-bd2b-7bcdbc67c3e7,Darren Peterson,thomasbrown@example.com,2020-01-25
9114376b-f70b-4724-8b50-32430641b8bc,Jennifer Berry,randyortiz@example.com,2023-10-13
fb87a32b-c9b3-4f22-89f2-a6a3ea9b1ef9,Trevor Spencer,xsimpson@example.net,2022-04-15
e989598e-4010-4e04-aa09-1a2ecb3e5b01,Michael Delgado,thompsonwilliam@example.net,2021-03-26
15061c6f-4e93-4e17-871e-2890f5a157d0,Mr. Kevin Payne,jordanreed@example.org,2022-08-02
b32b64f9-537c-4b99-97d9-dd6f40e87bfd,Christopher Peterson,stephanie69@example.net,2023-04-13
cbe5b40e-bf75-474a-b3e1-5f4a0ed12a64,Christopher Jordan,combsbrittany@example.net,2020-08-05
f8dc4e61-788a-41ce-afa6-3971e9350828,Sarah Sharp,ndennis@example.net,2022-09-15
822e8937-97bd-4213-a7fc-927eb67468e3,Laura Edwards,melendezjeremy@example.org,2022-07-13
841a2055-daf6-4d1c-9ec6-5f45a1dabf88,Robert Evans,desiree69@example.com,2020-07-29
c3d5bcc1-ae0f-43ee-8c64-d1ba7e9f9c98,Kelli Fry,riggsscott@example.com,2020-05-10
6131861e-5d82-4906-8f22-c176b23d3b36,Peggy Reeves,sarahnixon@example.net,2021-08-18
5bfb052d-11a4-4c75-b52e-c484e39fc654,Thomas Warner,iadams@example.org,2022-03-28
7c3fd0c3-9f31-4410-8fa8-0fce2ff1a5a4,Krista Brock,jason43@example.org,2022-01-25
21088e51-1f5c-4501-91b9-05e5395c19c5,Marcus Clark,rstout@example.org,2021-07-08
dd6fdc99-f542-47f0-a2e1-4a13e3e05024,Victoria Grant,sullivanjonathan@example.net,2020-10-30
7d4c7f81-7bbc-43c1-9537-5ec4e63b9e41,Dale Sellers,murphymonique@example.org,2023-08-06
7a0583df-eaef-4886-9bf8-9a1af548a72f,Michael Allison,samantha93@example.org,2023-02-11
587359d4-f971-4ef3-a2d0-c22546f54985,Daniel Moore,joshua63@example.org,2023-05-22
178c67e8-6534-4590-bba1-1fccb01f685e,Antonio Kelley,ljohnson@example.net,2021-01-06
3638c9f5-ff50-4457-9ce3-046507d1a225,Rachel Kirby,housebeverly@example.org,2020-08-19
a14df0a3-1548-4bf6-8ffe-f766e74ae709,Alyssa Heath,jeffhall@example.com,2020-11-10
018b725c-c6db-4ae5-a0cf-7b5d858c382a,Elizabeth White,amy42@example.net,2023-08-11
4a256ef5-aa25-496f-86da-832269574fda,Ashley Martin,brandonschmidt@example.org,2023-08-31
62c37f25-9caa-449d-88e7-7fb9d153469b,Diane Guerra,dawn92@example.net,2024-08-23
bacb2132-c57c-475d-8d4c-8a88b913a807,Cindy Shaffer,stephenjoseph@example.net,2020-05-02
f475dafe-fd20-416b-8ccf-695d9a4ee8c7,Jackie Rodriguez,brittany86@example.com,2021-02-22
594b9707-9366-45f9-9d29-205bdd2011df,Lawrence Cruz,mooreelizabeth@example.com,2021-12-12
d2e260a2-c115-40db-b0f3-abfc0093e9cd,Michaela Bailey,mbrock@example.org,2022-04-01
165a8d03-8234-443e-94ca-2f309fa27fe8,Theodore Humphrey,alexandermitchell@example.org,2021-03-04
e9dda49f-5915-4553-9a40-45c24a471f06,Kenneth Alexander,ebony38@example.com,2022-05-08
ed110c9e-3231-4b3e-b08a-af8597f2ccd7,Todd Jones,riceann@example.net,2020-01-31
5fc5ebc7-5713-42a2-a1e6-be8a83758e41,Daniel Smith,rhonda14@example.org,2020-04-09
9362202f-cdef-46a8-be0d-537bc7f2e815,Eric Edwards,rodriguezdavid@example.net,2024-02-03
7cc80d12-00bc-4e2b-ab0e-6b406b6fbcb6,Ashlee Terrell,villajennifer@example.com,2021-09-13
bf195254-cb20-4f77-ad02-079a4953b37c,James Mosley,smithjim@example.org,2020-11-11
3e2e4fde-4cca-4da4-adcc-31620b2c5dae,Sara Jensen,gowens@example.org,2020-04-20
99821501-3d94-4c9e-98af-d16ce92f1d67,Kelli Johnson,lucasbrian@example.com,2020-11-09
5d31c3c3-5521-496a-8f0f-dd71b27a580a,Kevin Hall,becknicholas@example.net,2020-03-02
3e531b6f-12b9-47fc-be11-49b10275bbd1,William Byrd,qedwards@example.net,2023-05-24
370be351-6ec1-4d17-a190-929356466fd3,Jeffrey Perez,scottjames@example.org,2023-09-13
